<application>
  <component name="FindSettings">
    <option name="customScope" value="File '…\Front\src\front_lesson_03\classwork\index.html [Front]'" />
    <option name="defaultScopeName" value="File '…\Front\src\front_lesson_03\classwork\index.html [Front]'" />
    <option name="SEARCH_SCOPE" value="File '…\Front\src\front_lesson_03\classwork\index.html [Front]'" />
    <mask>*.css</mask>
    <mask>*.html</mask>
    <mask>*.xml</mask>
    <mask>*.jsp</mask>
    <mask>*.properties</mask>
    <mask>*.java</mask>
  </component>
</application>