<application>
  <component name="ProjectJdkTable">
    <jdk version="2">
      <name value="azul-11" />
      <type value="JavaSDK" />
      <version value="Azul Zulu Community™ version 11.0.21" />
      <homePath value="C:\Program Files\Zulu\zulu-11" />
      <roots>
        <annotationsPath>
          <root type="composite">
            <root url="jar://$APPLICATION_HOME_DIR$/plugins/java/lib/jdkAnnotations.jar!/" type="simple" />
          </root>
        </annotationsPath>
        <classPath>
          <root type="composite">
            <root url="jrt://C:/Program Files/Zulu/zulu-11!/com.azul.crs.client" type="simple" />
            <root url="jrt://C:/Program Files/Zulu/zulu-11!/com.azul.tooling" type="simple" />
            <root url="jrt://C:/Program Files/Zulu/zulu-11!/java.base" type="simple" />
            <root url="jrt://C:/Program Files/Zulu/zulu-11!/java.compiler" type="simple" />
            <root url="jrt://C:/Program Files/Zulu/zulu-11!/java.datatransfer" type="simple" />
            <root url="jrt://C:/Program Files/Zulu/zulu-11!/java.desktop" type="simple" />
            <root url="jrt://C:/Program Files/Zulu/zulu-11!/java.instrument" type="simple" />
            <root url="jrt://C:/Program Files/Zulu/zulu-11!/java.logging" type="simple" />
            <root url="jrt://C:/Program Files/Zulu/zulu-11!/java.management" type="simple" />
            <root url="jrt://C:/Program Files/Zulu/zulu-11!/java.management.rmi" type="simple" />
            <root url="jrt://C:/Program Files/Zulu/zulu-11!/java.naming" type="simple" />
            <root url="jrt://C:/Program Files/Zulu/zulu-11!/java.net.http" type="simple" />
            <root url="jrt://C:/Program Files/Zulu/zulu-11!/java.prefs" type="simple" />
            <root url="jrt://C:/Program Files/Zulu/zulu-11!/java.rmi" type="simple" />
            <root url="jrt://C:/Program Files/Zulu/zulu-11!/java.scripting" type="simple" />
            <root url="jrt://C:/Program Files/Zulu/zulu-11!/java.se" type="simple" />
            <root url="jrt://C:/Program Files/Zulu/zulu-11!/java.security.jgss" type="simple" />
            <root url="jrt://C:/Program Files/Zulu/zulu-11!/java.security.sasl" type="simple" />
            <root url="jrt://C:/Program Files/Zulu/zulu-11!/java.smartcardio" type="simple" />
            <root url="jrt://C:/Program Files/Zulu/zulu-11!/java.sql" type="simple" />
            <root url="jrt://C:/Program Files/Zulu/zulu-11!/java.sql.rowset" type="simple" />
            <root url="jrt://C:/Program Files/Zulu/zulu-11!/java.transaction.xa" type="simple" />
            <root url="jrt://C:/Program Files/Zulu/zulu-11!/java.xml" type="simple" />
            <root url="jrt://C:/Program Files/Zulu/zulu-11!/java.xml.crypto" type="simple" />
            <root url="jrt://C:/Program Files/Zulu/zulu-11!/javafx.base" type="simple" />
            <root url="jrt://C:/Program Files/Zulu/zulu-11!/javafx.controls" type="simple" />
            <root url="jrt://C:/Program Files/Zulu/zulu-11!/javafx.fxml" type="simple" />
            <root url="jrt://C:/Program Files/Zulu/zulu-11!/javafx.graphics" type="simple" />
            <root url="jrt://C:/Program Files/Zulu/zulu-11!/javafx.media" type="simple" />
            <root url="jrt://C:/Program Files/Zulu/zulu-11!/javafx.swing" type="simple" />
            <root url="jrt://C:/Program Files/Zulu/zulu-11!/javafx.web" type="simple" />
            <root url="jrt://C:/Program Files/Zulu/zulu-11!/jdk.accessibility" type="simple" />
            <root url="jrt://C:/Program Files/Zulu/zulu-11!/jdk.aot" type="simple" />
            <root url="jrt://C:/Program Files/Zulu/zulu-11!/jdk.attach" type="simple" />
            <root url="jrt://C:/Program Files/Zulu/zulu-11!/jdk.charsets" type="simple" />
            <root url="jrt://C:/Program Files/Zulu/zulu-11!/jdk.compiler" type="simple" />
            <root url="jrt://C:/Program Files/Zulu/zulu-11!/jdk.crypto.cryptoki" type="simple" />
            <root url="jrt://C:/Program Files/Zulu/zulu-11!/jdk.crypto.ec" type="simple" />
            <root url="jrt://C:/Program Files/Zulu/zulu-11!/jdk.crypto.mscapi" type="simple" />
            <root url="jrt://C:/Program Files/Zulu/zulu-11!/jdk.dynalink" type="simple" />
            <root url="jrt://C:/Program Files/Zulu/zulu-11!/jdk.editpad" type="simple" />
            <root url="jrt://C:/Program Files/Zulu/zulu-11!/jdk.hotspot.agent" type="simple" />
            <root url="jrt://C:/Program Files/Zulu/zulu-11!/jdk.httpserver" type="simple" />
            <root url="jrt://C:/Program Files/Zulu/zulu-11!/jdk.internal.ed" type="simple" />
            <root url="jrt://C:/Program Files/Zulu/zulu-11!/jdk.internal.jvmstat" type="simple" />
            <root url="jrt://C:/Program Files/Zulu/zulu-11!/jdk.internal.le" type="simple" />
            <root url="jrt://C:/Program Files/Zulu/zulu-11!/jdk.internal.opt" type="simple" />
            <root url="jrt://C:/Program Files/Zulu/zulu-11!/jdk.internal.vm.ci" type="simple" />
            <root url="jrt://C:/Program Files/Zulu/zulu-11!/jdk.internal.vm.compiler" type="simple" />
            <root url="jrt://C:/Program Files/Zulu/zulu-11!/jdk.internal.vm.compiler.management" type="simple" />
            <root url="jrt://C:/Program Files/Zulu/zulu-11!/jdk.jartool" type="simple" />
            <root url="jrt://C:/Program Files/Zulu/zulu-11!/jdk.javadoc" type="simple" />
            <root url="jrt://C:/Program Files/Zulu/zulu-11!/jdk.jcmd" type="simple" />
            <root url="jrt://C:/Program Files/Zulu/zulu-11!/jdk.jconsole" type="simple" />
            <root url="jrt://C:/Program Files/Zulu/zulu-11!/jdk.jdeps" type="simple" />
            <root url="jrt://C:/Program Files/Zulu/zulu-11!/jdk.jdi" type="simple" />
            <root url="jrt://C:/Program Files/Zulu/zulu-11!/jdk.jdwp.agent" type="simple" />
            <root url="jrt://C:/Program Files/Zulu/zulu-11!/jdk.jfr" type="simple" />
            <root url="jrt://C:/Program Files/Zulu/zulu-11!/jdk.jlink" type="simple" />
            <root url="jrt://C:/Program Files/Zulu/zulu-11!/jdk.jshell" type="simple" />
            <root url="jrt://C:/Program Files/Zulu/zulu-11!/jdk.jsobject" type="simple" />
            <root url="jrt://C:/Program Files/Zulu/zulu-11!/jdk.jstatd" type="simple" />
            <root url="jrt://C:/Program Files/Zulu/zulu-11!/jdk.localedata" type="simple" />
            <root url="jrt://C:/Program Files/Zulu/zulu-11!/jdk.management" type="simple" />
            <root url="jrt://C:/Program Files/Zulu/zulu-11!/jdk.management.agent" type="simple" />
            <root url="jrt://C:/Program Files/Zulu/zulu-11!/jdk.management.jfr" type="simple" />
            <root url="jrt://C:/Program Files/Zulu/zulu-11!/jdk.naming.dns" type="simple" />
            <root url="jrt://C:/Program Files/Zulu/zulu-11!/jdk.naming.ldap" type="simple" />
            <root url="jrt://C:/Program Files/Zulu/zulu-11!/jdk.naming.rmi" type="simple" />
            <root url="jrt://C:/Program Files/Zulu/zulu-11!/jdk.net" type="simple" />
            <root url="jrt://C:/Program Files/Zulu/zulu-11!/jdk.pack" type="simple" />
            <root url="jrt://C:/Program Files/Zulu/zulu-11!/jdk.rmic" type="simple" />
            <root url="jrt://C:/Program Files/Zulu/zulu-11!/jdk.scripting.nashorn" type="simple" />
            <root url="jrt://C:/Program Files/Zulu/zulu-11!/jdk.scripting.nashorn.shell" type="simple" />
            <root url="jrt://C:/Program Files/Zulu/zulu-11!/jdk.sctp" type="simple" />
            <root url="jrt://C:/Program Files/Zulu/zulu-11!/jdk.security.auth" type="simple" />
            <root url="jrt://C:/Program Files/Zulu/zulu-11!/jdk.security.jgss" type="simple" />
            <root url="jrt://C:/Program Files/Zulu/zulu-11!/jdk.unsupported" type="simple" />
            <root url="jrt://C:/Program Files/Zulu/zulu-11!/jdk.unsupported.desktop" type="simple" />
            <root url="jrt://C:/Program Files/Zulu/zulu-11!/jdk.xml.dom" type="simple" />
            <root url="jrt://C:/Program Files/Zulu/zulu-11!/jdk.zipfs" type="simple" />
          </root>
        </classPath>
        <javadocPath>
          <root type="composite" />
        </javadocPath>
        <sourcePath>
          <root type="composite">
            <root url="jar://C:/Program Files/Zulu/zulu-11/lib/src.zip!/java.se" type="simple" />
            <root url="jar://C:/Program Files/Zulu/zulu-11/lib/src.zip!/jdk.aot" type="simple" />
            <root url="jar://C:/Program Files/Zulu/zulu-11/lib/src.zip!/jdk.jdi" type="simple" />
            <root url="jar://C:/Program Files/Zulu/zulu-11/lib/src.zip!/jdk.jfr" type="simple" />
            <root url="jar://C:/Program Files/Zulu/zulu-11/lib/src.zip!/jdk.net" type="simple" />
            <root url="jar://C:/Program Files/Zulu/zulu-11/lib/src.zip!/java.rmi" type="simple" />
            <root url="jar://C:/Program Files/Zulu/zulu-11/lib/src.zip!/java.sql" type="simple" />
            <root url="jar://C:/Program Files/Zulu/zulu-11/lib/src.zip!/java.xml" type="simple" />
            <root url="jar://C:/Program Files/Zulu/zulu-11/lib/src.zip!/jdk.jcmd" type="simple" />
            <root url="jar://C:/Program Files/Zulu/zulu-11/lib/src.zip!/jdk.pack" type="simple" />
            <root url="jar://C:/Program Files/Zulu/zulu-11/lib/src.zip!/jdk.rmic" type="simple" />
            <root url="jar://C:/Program Files/Zulu/zulu-11/lib/src.zip!/jdk.sctp" type="simple" />
            <root url="jar://C:/Program Files/Zulu/zulu-11/lib/src.zip!/java.base" type="simple" />
            <root url="jar://C:/Program Files/Zulu/zulu-11/lib/src.zip!/jdk.jdeps" type="simple" />
            <root url="jar://C:/Program Files/Zulu/zulu-11/lib/src.zip!/jdk.jlink" type="simple" />
            <root url="jar://C:/Program Files/Zulu/zulu-11/lib/src.zip!/jdk.zipfs" type="simple" />
            <root url="jar://C:/Program Files/Zulu/zulu-11/lib/src.zip!/java.prefs" type="simple" />
            <root url="jar://C:/Program Files/Zulu/zulu-11/lib/src.zip!/javafx.web" type="simple" />
            <root url="jar://C:/Program Files/Zulu/zulu-11/lib/src.zip!/jdk.attach" type="simple" />
            <root url="jar://C:/Program Files/Zulu/zulu-11/lib/src.zip!/jdk.jshell" type="simple" />
            <root url="jar://C:/Program Files/Zulu/zulu-11/lib/src.zip!/jdk.jstatd" type="simple" />
            <root url="jar://C:/Program Files/Zulu/zulu-11/lib/src.zip!/java.naming" type="simple" />
            <root url="jar://C:/Program Files/Zulu/zulu-11/lib/src.zip!/javafx.base" type="simple" />
            <root url="jar://C:/Program Files/Zulu/zulu-11/lib/src.zip!/javafx.fxml" type="simple" />
            <root url="jar://C:/Program Files/Zulu/zulu-11/lib/src.zip!/jdk.editpad" type="simple" />
            <root url="jar://C:/Program Files/Zulu/zulu-11/lib/src.zip!/jdk.jartool" type="simple" />
            <root url="jar://C:/Program Files/Zulu/zulu-11/lib/src.zip!/jdk.javadoc" type="simple" />
            <root url="jar://C:/Program Files/Zulu/zulu-11/lib/src.zip!/jdk.xml.dom" type="simple" />
            <root url="jar://C:/Program Files/Zulu/zulu-11/lib/src.zip!/java.desktop" type="simple" />
            <root url="jar://C:/Program Files/Zulu/zulu-11/lib/src.zip!/java.logging" type="simple" />
            <root url="jar://C:/Program Files/Zulu/zulu-11/lib/src.zip!/javafx.media" type="simple" />
            <root url="jar://C:/Program Files/Zulu/zulu-11/lib/src.zip!/javafx.swing" type="simple" />
            <root url="jar://C:/Program Files/Zulu/zulu-11/lib/src.zip!/jdk.charsets" type="simple" />
            <root url="jar://C:/Program Files/Zulu/zulu-11/lib/src.zip!/jdk.compiler" type="simple" />
            <root url="jar://C:/Program Files/Zulu/zulu-11/lib/src.zip!/jdk.dynalink" type="simple" />
            <root url="jar://C:/Program Files/Zulu/zulu-11/lib/src.zip!/jdk.jconsole" type="simple" />
            <root url="jar://C:/Program Files/Zulu/zulu-11/lib/src.zip!/jdk.jsobject" type="simple" />
            <root url="jar://C:/Program Files/Zulu/zulu-11/lib/src.zip!/java.compiler" type="simple" />
            <root url="jar://C:/Program Files/Zulu/zulu-11/lib/src.zip!/java.net.http" type="simple" />
            <root url="jar://C:/Program Files/Zulu/zulu-11/lib/src.zip!/jdk.crypto.ec" type="simple" />
            <root url="jar://C:/Program Files/Zulu/zulu-11/lib/src.zip!/java.scripting" type="simple" />
            <root url="jar://C:/Program Files/Zulu/zulu-11/lib/src.zip!/jdk.httpserver" type="simple" />
            <root url="jar://C:/Program Files/Zulu/zulu-11/lib/src.zip!/jdk.jdwp.agent" type="simple" />
            <root url="jar://C:/Program Files/Zulu/zulu-11/lib/src.zip!/jdk.localedata" type="simple" />
            <root url="jar://C:/Program Files/Zulu/zulu-11/lib/src.zip!/jdk.management" type="simple" />
            <root url="jar://C:/Program Files/Zulu/zulu-11/lib/src.zip!/jdk.naming.dns" type="simple" />
            <root url="jar://C:/Program Files/Zulu/zulu-11/lib/src.zip!/jdk.naming.rmi" type="simple" />
            <root url="jar://C:/Program Files/Zulu/zulu-11/lib/src.zip!/java.instrument" type="simple" />
            <root url="jar://C:/Program Files/Zulu/zulu-11/lib/src.zip!/java.management" type="simple" />
            <root url="jar://C:/Program Files/Zulu/zulu-11/lib/src.zip!/java.sql.rowset" type="simple" />
            <root url="jar://C:/Program Files/Zulu/zulu-11/lib/src.zip!/java.xml.crypto" type="simple" />
            <root url="jar://C:/Program Files/Zulu/zulu-11/lib/src.zip!/javafx.controls" type="simple" />
            <root url="jar://C:/Program Files/Zulu/zulu-11/lib/src.zip!/javafx.graphics" type="simple" />
            <root url="jar://C:/Program Files/Zulu/zulu-11/lib/src.zip!/jdk.internal.ed" type="simple" />
            <root url="jar://C:/Program Files/Zulu/zulu-11/lib/src.zip!/jdk.internal.le" type="simple" />
            <root url="jar://C:/Program Files/Zulu/zulu-11/lib/src.zip!/jdk.naming.ldap" type="simple" />
            <root url="jar://C:/Program Files/Zulu/zulu-11/lib/src.zip!/jdk.unsupported" type="simple" />
            <root url="jar://C:/Program Files/Zulu/zulu-11/lib/src.zip!/com.azul.tooling" type="simple" />
            <root url="jar://C:/Program Files/Zulu/zulu-11/lib/src.zip!/java.smartcardio" type="simple" />
            <root url="jar://C:/Program Files/Zulu/zulu-11/lib/src.zip!/jdk.internal.opt" type="simple" />
            <root url="jar://C:/Program Files/Zulu/zulu-11/lib/src.zip!/java.datatransfer" type="simple" />
            <root url="jar://C:/Program Files/Zulu/zulu-11/lib/src.zip!/jdk.accessibility" type="simple" />
            <root url="jar://C:/Program Files/Zulu/zulu-11/lib/src.zip!/jdk.crypto.mscapi" type="simple" />
            <root url="jar://C:/Program Files/Zulu/zulu-11/lib/src.zip!/jdk.hotspot.agent" type="simple" />
            <root url="jar://C:/Program Files/Zulu/zulu-11/lib/src.zip!/jdk.security.auth" type="simple" />
            <root url="jar://C:/Program Files/Zulu/zulu-11/lib/src.zip!/jdk.security.jgss" type="simple" />
            <root url="jar://C:/Program Files/Zulu/zulu-11/lib/src.zip!/java.security.jgss" type="simple" />
            <root url="jar://C:/Program Files/Zulu/zulu-11/lib/src.zip!/java.security.sasl" type="simple" />
            <root url="jar://C:/Program Files/Zulu/zulu-11/lib/src.zip!/jdk.internal.vm.ci" type="simple" />
            <root url="jar://C:/Program Files/Zulu/zulu-11/lib/src.zip!/jdk.management.jfr" type="simple" />
            <root url="jar://C:/Program Files/Zulu/zulu-11/lib/src.zip!/com.azul.crs.client" type="simple" />
            <root url="jar://C:/Program Files/Zulu/zulu-11/lib/src.zip!/java.management.rmi" type="simple" />
            <root url="jar://C:/Program Files/Zulu/zulu-11/lib/src.zip!/java.transaction.xa" type="simple" />
            <root url="jar://C:/Program Files/Zulu/zulu-11/lib/src.zip!/jdk.crypto.cryptoki" type="simple" />
            <root url="jar://C:/Program Files/Zulu/zulu-11/lib/src.zip!/jdk.internal.jvmstat" type="simple" />
            <root url="jar://C:/Program Files/Zulu/zulu-11/lib/src.zip!/jdk.management.agent" type="simple" />
            <root url="jar://C:/Program Files/Zulu/zulu-11/lib/src.zip!/jdk.scripting.nashorn" type="simple" />
            <root url="jar://C:/Program Files/Zulu/zulu-11/lib/src.zip!/jdk.unsupported.desktop" type="simple" />
            <root url="jar://C:/Program Files/Zulu/zulu-11/lib/src.zip!/jdk.internal.vm.compiler" type="simple" />
            <root url="jar://C:/Program Files/Zulu/zulu-11/lib/src.zip!/jdk.scripting.nashorn.shell" type="simple" />
            <root url="jar://C:/Program Files/Zulu/zulu-11/lib/src.zip!/jdk.internal.vm.compiler.management" type="simple" />
          </root>
        </sourcePath>
      </roots>
      <additional />
    </jdk>
    <jdk version="2">
      <name value="azul-13" />
      <type value="JavaSDK" />
      <version value="Azul Zulu Community™ version 13.0.14" />
      <homePath value="$USER_HOME$/.jdks/azul-13.0.14" />
      <roots>
        <annotationsPath>
          <root type="composite">
            <root url="jar://$APPLICATION_HOME_DIR$/plugins/java/lib/jdkAnnotations.jar!/" type="simple" />
          </root>
        </annotationsPath>
        <classPath>
          <root type="composite">
            <root url="jrt://C:/Users/ThinkPad T430/.jdks/azul-13.0.14!/java.base" type="simple" />
            <root url="jrt://C:/Users/ThinkPad T430/.jdks/azul-13.0.14!/java.compiler" type="simple" />
            <root url="jrt://C:/Users/ThinkPad T430/.jdks/azul-13.0.14!/java.datatransfer" type="simple" />
            <root url="jrt://C:/Users/ThinkPad T430/.jdks/azul-13.0.14!/java.desktop" type="simple" />
            <root url="jrt://C:/Users/ThinkPad T430/.jdks/azul-13.0.14!/java.instrument" type="simple" />
            <root url="jrt://C:/Users/ThinkPad T430/.jdks/azul-13.0.14!/java.logging" type="simple" />
            <root url="jrt://C:/Users/ThinkPad T430/.jdks/azul-13.0.14!/java.management" type="simple" />
            <root url="jrt://C:/Users/ThinkPad T430/.jdks/azul-13.0.14!/java.management.rmi" type="simple" />
            <root url="jrt://C:/Users/ThinkPad T430/.jdks/azul-13.0.14!/java.naming" type="simple" />
            <root url="jrt://C:/Users/ThinkPad T430/.jdks/azul-13.0.14!/java.net.http" type="simple" />
            <root url="jrt://C:/Users/ThinkPad T430/.jdks/azul-13.0.14!/java.prefs" type="simple" />
            <root url="jrt://C:/Users/ThinkPad T430/.jdks/azul-13.0.14!/java.rmi" type="simple" />
            <root url="jrt://C:/Users/ThinkPad T430/.jdks/azul-13.0.14!/java.scripting" type="simple" />
            <root url="jrt://C:/Users/ThinkPad T430/.jdks/azul-13.0.14!/java.se" type="simple" />
            <root url="jrt://C:/Users/ThinkPad T430/.jdks/azul-13.0.14!/java.security.jgss" type="simple" />
            <root url="jrt://C:/Users/ThinkPad T430/.jdks/azul-13.0.14!/java.security.sasl" type="simple" />
            <root url="jrt://C:/Users/ThinkPad T430/.jdks/azul-13.0.14!/java.smartcardio" type="simple" />
            <root url="jrt://C:/Users/ThinkPad T430/.jdks/azul-13.0.14!/java.sql" type="simple" />
            <root url="jrt://C:/Users/ThinkPad T430/.jdks/azul-13.0.14!/java.sql.rowset" type="simple" />
            <root url="jrt://C:/Users/ThinkPad T430/.jdks/azul-13.0.14!/java.transaction.xa" type="simple" />
            <root url="jrt://C:/Users/ThinkPad T430/.jdks/azul-13.0.14!/java.xml" type="simple" />
            <root url="jrt://C:/Users/ThinkPad T430/.jdks/azul-13.0.14!/java.xml.crypto" type="simple" />
            <root url="jrt://C:/Users/ThinkPad T430/.jdks/azul-13.0.14!/jdk.accessibility" type="simple" />
            <root url="jrt://C:/Users/ThinkPad T430/.jdks/azul-13.0.14!/jdk.aot" type="simple" />
            <root url="jrt://C:/Users/ThinkPad T430/.jdks/azul-13.0.14!/jdk.attach" type="simple" />
            <root url="jrt://C:/Users/ThinkPad T430/.jdks/azul-13.0.14!/jdk.charsets" type="simple" />
            <root url="jrt://C:/Users/ThinkPad T430/.jdks/azul-13.0.14!/jdk.compiler" type="simple" />
            <root url="jrt://C:/Users/ThinkPad T430/.jdks/azul-13.0.14!/jdk.crypto.cryptoki" type="simple" />
            <root url="jrt://C:/Users/ThinkPad T430/.jdks/azul-13.0.14!/jdk.crypto.ec" type="simple" />
            <root url="jrt://C:/Users/ThinkPad T430/.jdks/azul-13.0.14!/jdk.crypto.mscapi" type="simple" />
            <root url="jrt://C:/Users/ThinkPad T430/.jdks/azul-13.0.14!/jdk.dynalink" type="simple" />
            <root url="jrt://C:/Users/ThinkPad T430/.jdks/azul-13.0.14!/jdk.editpad" type="simple" />
            <root url="jrt://C:/Users/ThinkPad T430/.jdks/azul-13.0.14!/jdk.hotspot.agent" type="simple" />
            <root url="jrt://C:/Users/ThinkPad T430/.jdks/azul-13.0.14!/jdk.httpserver" type="simple" />
            <root url="jrt://C:/Users/ThinkPad T430/.jdks/azul-13.0.14!/jdk.internal.ed" type="simple" />
            <root url="jrt://C:/Users/ThinkPad T430/.jdks/azul-13.0.14!/jdk.internal.jvmstat" type="simple" />
            <root url="jrt://C:/Users/ThinkPad T430/.jdks/azul-13.0.14!/jdk.internal.le" type="simple" />
            <root url="jrt://C:/Users/ThinkPad T430/.jdks/azul-13.0.14!/jdk.internal.opt" type="simple" />
            <root url="jrt://C:/Users/ThinkPad T430/.jdks/azul-13.0.14!/jdk.internal.vm.ci" type="simple" />
            <root url="jrt://C:/Users/ThinkPad T430/.jdks/azul-13.0.14!/jdk.internal.vm.compiler" type="simple" />
            <root url="jrt://C:/Users/ThinkPad T430/.jdks/azul-13.0.14!/jdk.internal.vm.compiler.management" type="simple" />
            <root url="jrt://C:/Users/ThinkPad T430/.jdks/azul-13.0.14!/jdk.jartool" type="simple" />
            <root url="jrt://C:/Users/ThinkPad T430/.jdks/azul-13.0.14!/jdk.javadoc" type="simple" />
            <root url="jrt://C:/Users/ThinkPad T430/.jdks/azul-13.0.14!/jdk.jcmd" type="simple" />
            <root url="jrt://C:/Users/ThinkPad T430/.jdks/azul-13.0.14!/jdk.jconsole" type="simple" />
            <root url="jrt://C:/Users/ThinkPad T430/.jdks/azul-13.0.14!/jdk.jdeps" type="simple" />
            <root url="jrt://C:/Users/ThinkPad T430/.jdks/azul-13.0.14!/jdk.jdi" type="simple" />
            <root url="jrt://C:/Users/ThinkPad T430/.jdks/azul-13.0.14!/jdk.jdwp.agent" type="simple" />
            <root url="jrt://C:/Users/ThinkPad T430/.jdks/azul-13.0.14!/jdk.jfr" type="simple" />
            <root url="jrt://C:/Users/ThinkPad T430/.jdks/azul-13.0.14!/jdk.jlink" type="simple" />
            <root url="jrt://C:/Users/ThinkPad T430/.jdks/azul-13.0.14!/jdk.jshell" type="simple" />
            <root url="jrt://C:/Users/ThinkPad T430/.jdks/azul-13.0.14!/jdk.jsobject" type="simple" />
            <root url="jrt://C:/Users/ThinkPad T430/.jdks/azul-13.0.14!/jdk.jstatd" type="simple" />
            <root url="jrt://C:/Users/ThinkPad T430/.jdks/azul-13.0.14!/jdk.localedata" type="simple" />
            <root url="jrt://C:/Users/ThinkPad T430/.jdks/azul-13.0.14!/jdk.management" type="simple" />
            <root url="jrt://C:/Users/ThinkPad T430/.jdks/azul-13.0.14!/jdk.management.agent" type="simple" />
            <root url="jrt://C:/Users/ThinkPad T430/.jdks/azul-13.0.14!/jdk.management.jfr" type="simple" />
            <root url="jrt://C:/Users/ThinkPad T430/.jdks/azul-13.0.14!/jdk.naming.dns" type="simple" />
            <root url="jrt://C:/Users/ThinkPad T430/.jdks/azul-13.0.14!/jdk.naming.rmi" type="simple" />
            <root url="jrt://C:/Users/ThinkPad T430/.jdks/azul-13.0.14!/jdk.net" type="simple" />
            <root url="jrt://C:/Users/ThinkPad T430/.jdks/azul-13.0.14!/jdk.pack" type="simple" />
            <root url="jrt://C:/Users/ThinkPad T430/.jdks/azul-13.0.14!/jdk.rmic" type="simple" />
            <root url="jrt://C:/Users/ThinkPad T430/.jdks/azul-13.0.14!/jdk.scripting.nashorn" type="simple" />
            <root url="jrt://C:/Users/ThinkPad T430/.jdks/azul-13.0.14!/jdk.scripting.nashorn.shell" type="simple" />
            <root url="jrt://C:/Users/ThinkPad T430/.jdks/azul-13.0.14!/jdk.sctp" type="simple" />
            <root url="jrt://C:/Users/ThinkPad T430/.jdks/azul-13.0.14!/jdk.security.auth" type="simple" />
            <root url="jrt://C:/Users/ThinkPad T430/.jdks/azul-13.0.14!/jdk.security.jgss" type="simple" />
            <root url="jrt://C:/Users/ThinkPad T430/.jdks/azul-13.0.14!/jdk.unsupported" type="simple" />
            <root url="jrt://C:/Users/ThinkPad T430/.jdks/azul-13.0.14!/jdk.unsupported.desktop" type="simple" />
            <root url="jrt://C:/Users/ThinkPad T430/.jdks/azul-13.0.14!/jdk.xml.dom" type="simple" />
            <root url="jrt://C:/Users/ThinkPad T430/.jdks/azul-13.0.14!/jdk.zipfs" type="simple" />
          </root>
        </classPath>
        <javadocPath>
          <root type="composite" />
        </javadocPath>
        <sourcePath>
          <root type="composite">
            <root url="jar://$USER_HOME$/.jdks/azul-13.0.14/lib/src.zip!/java.se" type="simple" />
            <root url="jar://$USER_HOME$/.jdks/azul-13.0.14/lib/src.zip!/jdk.aot" type="simple" />
            <root url="jar://$USER_HOME$/.jdks/azul-13.0.14/lib/src.zip!/jdk.jdi" type="simple" />
            <root url="jar://$USER_HOME$/.jdks/azul-13.0.14/lib/src.zip!/jdk.jfr" type="simple" />
            <root url="jar://$USER_HOME$/.jdks/azul-13.0.14/lib/src.zip!/jdk.net" type="simple" />
            <root url="jar://$USER_HOME$/.jdks/azul-13.0.14/lib/src.zip!/java.rmi" type="simple" />
            <root url="jar://$USER_HOME$/.jdks/azul-13.0.14/lib/src.zip!/java.sql" type="simple" />
            <root url="jar://$USER_HOME$/.jdks/azul-13.0.14/lib/src.zip!/java.xml" type="simple" />
            <root url="jar://$USER_HOME$/.jdks/azul-13.0.14/lib/src.zip!/jdk.jcmd" type="simple" />
            <root url="jar://$USER_HOME$/.jdks/azul-13.0.14/lib/src.zip!/jdk.pack" type="simple" />
            <root url="jar://$USER_HOME$/.jdks/azul-13.0.14/lib/src.zip!/jdk.rmic" type="simple" />
            <root url="jar://$USER_HOME$/.jdks/azul-13.0.14/lib/src.zip!/jdk.sctp" type="simple" />
            <root url="jar://$USER_HOME$/.jdks/azul-13.0.14/lib/src.zip!/java.base" type="simple" />
            <root url="jar://$USER_HOME$/.jdks/azul-13.0.14/lib/src.zip!/jdk.jdeps" type="simple" />
            <root url="jar://$USER_HOME$/.jdks/azul-13.0.14/lib/src.zip!/jdk.jlink" type="simple" />
            <root url="jar://$USER_HOME$/.jdks/azul-13.0.14/lib/src.zip!/jdk.zipfs" type="simple" />
            <root url="jar://$USER_HOME$/.jdks/azul-13.0.14/lib/src.zip!/java.prefs" type="simple" />
            <root url="jar://$USER_HOME$/.jdks/azul-13.0.14/lib/src.zip!/jdk.attach" type="simple" />
            <root url="jar://$USER_HOME$/.jdks/azul-13.0.14/lib/src.zip!/jdk.jshell" type="simple" />
            <root url="jar://$USER_HOME$/.jdks/azul-13.0.14/lib/src.zip!/jdk.jstatd" type="simple" />
            <root url="jar://$USER_HOME$/.jdks/azul-13.0.14/lib/src.zip!/java.naming" type="simple" />
            <root url="jar://$USER_HOME$/.jdks/azul-13.0.14/lib/src.zip!/jdk.editpad" type="simple" />
            <root url="jar://$USER_HOME$/.jdks/azul-13.0.14/lib/src.zip!/jdk.jartool" type="simple" />
            <root url="jar://$USER_HOME$/.jdks/azul-13.0.14/lib/src.zip!/jdk.javadoc" type="simple" />
            <root url="jar://$USER_HOME$/.jdks/azul-13.0.14/lib/src.zip!/jdk.xml.dom" type="simple" />
            <root url="jar://$USER_HOME$/.jdks/azul-13.0.14/lib/src.zip!/java.desktop" type="simple" />
            <root url="jar://$USER_HOME$/.jdks/azul-13.0.14/lib/src.zip!/java.logging" type="simple" />
            <root url="jar://$USER_HOME$/.jdks/azul-13.0.14/lib/src.zip!/jdk.charsets" type="simple" />
            <root url="jar://$USER_HOME$/.jdks/azul-13.0.14/lib/src.zip!/jdk.compiler" type="simple" />
            <root url="jar://$USER_HOME$/.jdks/azul-13.0.14/lib/src.zip!/jdk.dynalink" type="simple" />
            <root url="jar://$USER_HOME$/.jdks/azul-13.0.14/lib/src.zip!/jdk.jconsole" type="simple" />
            <root url="jar://$USER_HOME$/.jdks/azul-13.0.14/lib/src.zip!/jdk.jsobject" type="simple" />
            <root url="jar://$USER_HOME$/.jdks/azul-13.0.14/lib/src.zip!/java.compiler" type="simple" />
            <root url="jar://$USER_HOME$/.jdks/azul-13.0.14/lib/src.zip!/java.net.http" type="simple" />
            <root url="jar://$USER_HOME$/.jdks/azul-13.0.14/lib/src.zip!/jdk.crypto.ec" type="simple" />
            <root url="jar://$USER_HOME$/.jdks/azul-13.0.14/lib/src.zip!/java.scripting" type="simple" />
            <root url="jar://$USER_HOME$/.jdks/azul-13.0.14/lib/src.zip!/jdk.httpserver" type="simple" />
            <root url="jar://$USER_HOME$/.jdks/azul-13.0.14/lib/src.zip!/jdk.jdwp.agent" type="simple" />
            <root url="jar://$USER_HOME$/.jdks/azul-13.0.14/lib/src.zip!/jdk.localedata" type="simple" />
            <root url="jar://$USER_HOME$/.jdks/azul-13.0.14/lib/src.zip!/jdk.management" type="simple" />
            <root url="jar://$USER_HOME$/.jdks/azul-13.0.14/lib/src.zip!/jdk.naming.dns" type="simple" />
            <root url="jar://$USER_HOME$/.jdks/azul-13.0.14/lib/src.zip!/jdk.naming.rmi" type="simple" />
            <root url="jar://$USER_HOME$/.jdks/azul-13.0.14/lib/src.zip!/java.instrument" type="simple" />
            <root url="jar://$USER_HOME$/.jdks/azul-13.0.14/lib/src.zip!/java.management" type="simple" />
            <root url="jar://$USER_HOME$/.jdks/azul-13.0.14/lib/src.zip!/java.sql.rowset" type="simple" />
            <root url="jar://$USER_HOME$/.jdks/azul-13.0.14/lib/src.zip!/java.xml.crypto" type="simple" />
            <root url="jar://$USER_HOME$/.jdks/azul-13.0.14/lib/src.zip!/jdk.internal.ed" type="simple" />
            <root url="jar://$USER_HOME$/.jdks/azul-13.0.14/lib/src.zip!/jdk.internal.le" type="simple" />
            <root url="jar://$USER_HOME$/.jdks/azul-13.0.14/lib/src.zip!/jdk.unsupported" type="simple" />
            <root url="jar://$USER_HOME$/.jdks/azul-13.0.14/lib/src.zip!/java.smartcardio" type="simple" />
            <root url="jar://$USER_HOME$/.jdks/azul-13.0.14/lib/src.zip!/jdk.internal.opt" type="simple" />
            <root url="jar://$USER_HOME$/.jdks/azul-13.0.14/lib/src.zip!/java.datatransfer" type="simple" />
            <root url="jar://$USER_HOME$/.jdks/azul-13.0.14/lib/src.zip!/jdk.accessibility" type="simple" />
            <root url="jar://$USER_HOME$/.jdks/azul-13.0.14/lib/src.zip!/jdk.crypto.mscapi" type="simple" />
            <root url="jar://$USER_HOME$/.jdks/azul-13.0.14/lib/src.zip!/jdk.hotspot.agent" type="simple" />
            <root url="jar://$USER_HOME$/.jdks/azul-13.0.14/lib/src.zip!/jdk.security.auth" type="simple" />
            <root url="jar://$USER_HOME$/.jdks/azul-13.0.14/lib/src.zip!/jdk.security.jgss" type="simple" />
            <root url="jar://$USER_HOME$/.jdks/azul-13.0.14/lib/src.zip!/java.security.jgss" type="simple" />
            <root url="jar://$USER_HOME$/.jdks/azul-13.0.14/lib/src.zip!/java.security.sasl" type="simple" />
            <root url="jar://$USER_HOME$/.jdks/azul-13.0.14/lib/src.zip!/jdk.internal.vm.ci" type="simple" />
            <root url="jar://$USER_HOME$/.jdks/azul-13.0.14/lib/src.zip!/jdk.management.jfr" type="simple" />
            <root url="jar://$USER_HOME$/.jdks/azul-13.0.14/lib/src.zip!/java.management.rmi" type="simple" />
            <root url="jar://$USER_HOME$/.jdks/azul-13.0.14/lib/src.zip!/java.transaction.xa" type="simple" />
            <root url="jar://$USER_HOME$/.jdks/azul-13.0.14/lib/src.zip!/jdk.crypto.cryptoki" type="simple" />
            <root url="jar://$USER_HOME$/.jdks/azul-13.0.14/lib/src.zip!/jdk.internal.jvmstat" type="simple" />
            <root url="jar://$USER_HOME$/.jdks/azul-13.0.14/lib/src.zip!/jdk.management.agent" type="simple" />
            <root url="jar://$USER_HOME$/.jdks/azul-13.0.14/lib/src.zip!/jdk.scripting.nashorn" type="simple" />
            <root url="jar://$USER_HOME$/.jdks/azul-13.0.14/lib/src.zip!/jdk.unsupported.desktop" type="simple" />
            <root url="jar://$USER_HOME$/.jdks/azul-13.0.14/lib/src.zip!/jdk.internal.vm.compiler" type="simple" />
            <root url="jar://$USER_HOME$/.jdks/azul-13.0.14/lib/src.zip!/jdk.scripting.nashorn.shell" type="simple" />
            <root url="jar://$USER_HOME$/.jdks/azul-13.0.14/lib/src.zip!/jdk.internal.vm.compiler.management" type="simple" />
          </root>
        </sourcePath>
      </roots>
      <additional />
    </jdk>
    <jdk version="2">
      <name value="azul-1.8" />
      <type value="JavaSDK" />
      <version value="Azul Zulu Community™ version 1.8.0_392" />
      <homePath value="$USER_HOME$/.jdks/azul-1.8.0_392" />
      <roots>
        <annotationsPath>
          <root type="composite">
            <root url="jar://$APPLICATION_HOME_DIR$/plugins/java/lib/jdkAnnotations.jar!/" type="simple" />
          </root>
        </annotationsPath>
        <classPath>
          <root type="composite">
            <root url="jar://$USER_HOME$/.jdks/azul-1.8.0_392/jre/lib/cat.jar!/" type="simple" />
            <root url="jar://$USER_HOME$/.jdks/azul-1.8.0_392/jre/lib/charsets.jar!/" type="simple" />
            <root url="jar://$USER_HOME$/.jdks/azul-1.8.0_392/jre/lib/ext/access-bridge-64.jar!/" type="simple" />
            <root url="jar://$USER_HOME$/.jdks/azul-1.8.0_392/jre/lib/ext/cldrdata.jar!/" type="simple" />
            <root url="jar://$USER_HOME$/.jdks/azul-1.8.0_392/jre/lib/ext/crs-agent.jar!/" type="simple" />
            <root url="jar://$USER_HOME$/.jdks/azul-1.8.0_392/jre/lib/ext/dnsns.jar!/" type="simple" />
            <root url="jar://$USER_HOME$/.jdks/azul-1.8.0_392/jre/lib/ext/jaccess.jar!/" type="simple" />
            <root url="jar://$USER_HOME$/.jdks/azul-1.8.0_392/jre/lib/ext/localedata.jar!/" type="simple" />
            <root url="jar://$USER_HOME$/.jdks/azul-1.8.0_392/jre/lib/ext/nashorn.jar!/" type="simple" />
            <root url="jar://$USER_HOME$/.jdks/azul-1.8.0_392/jre/lib/ext/sunec.jar!/" type="simple" />
            <root url="jar://$USER_HOME$/.jdks/azul-1.8.0_392/jre/lib/ext/sunjce_provider.jar!/" type="simple" />
            <root url="jar://$USER_HOME$/.jdks/azul-1.8.0_392/jre/lib/ext/sunmscapi.jar!/" type="simple" />
            <root url="jar://$USER_HOME$/.jdks/azul-1.8.0_392/jre/lib/ext/sunpkcs11.jar!/" type="simple" />
            <root url="jar://$USER_HOME$/.jdks/azul-1.8.0_392/jre/lib/ext/zipfs.jar!/" type="simple" />
            <root url="jar://$USER_HOME$/.jdks/azul-1.8.0_392/jre/lib/jce.jar!/" type="simple" />
            <root url="jar://$USER_HOME$/.jdks/azul-1.8.0_392/jre/lib/jfr.jar!/" type="simple" />
            <root url="jar://$USER_HOME$/.jdks/azul-1.8.0_392/jre/lib/jsse.jar!/" type="simple" />
            <root url="jar://$USER_HOME$/.jdks/azul-1.8.0_392/jre/lib/management-agent.jar!/" type="simple" />
            <root url="jar://$USER_HOME$/.jdks/azul-1.8.0_392/jre/lib/resources.jar!/" type="simple" />
            <root url="jar://$USER_HOME$/.jdks/azul-1.8.0_392/jre/lib/rt.jar!/" type="simple" />
          </root>
        </classPath>
        <javadocPath>
          <root type="composite" />
        </javadocPath>
        <sourcePath>
          <root type="composite">
            <root url="jar://$USER_HOME$/.jdks/azul-1.8.0_392/src.zip!/" type="simple" />
          </root>
        </sourcePath>
      </roots>
      <additional />
    </jdk>
    <jdk version="2">
      <name value="azul-18" />
      <type value="JavaSDK" />
      <version value="Azul Zulu Community™ version 18.0.2" />
      <homePath value="$USER_HOME$/.jdks/azul-18.0.2.1" />
      <roots>
        <annotationsPath>
          <root type="composite">
            <root url="jar://$APPLICATION_HOME_DIR$/plugins/java/lib/jdkAnnotations.jar!/" type="simple" />
          </root>
        </annotationsPath>
        <classPath>
          <root type="composite">
            <root url="jrt://C:/Users/ThinkPad T430/.jdks/azul-18.0.2.1!/java.base" type="simple" />
            <root url="jrt://C:/Users/ThinkPad T430/.jdks/azul-18.0.2.1!/java.compiler" type="simple" />
            <root url="jrt://C:/Users/ThinkPad T430/.jdks/azul-18.0.2.1!/java.datatransfer" type="simple" />
            <root url="jrt://C:/Users/ThinkPad T430/.jdks/azul-18.0.2.1!/java.desktop" type="simple" />
            <root url="jrt://C:/Users/ThinkPad T430/.jdks/azul-18.0.2.1!/java.instrument" type="simple" />
            <root url="jrt://C:/Users/ThinkPad T430/.jdks/azul-18.0.2.1!/java.logging" type="simple" />
            <root url="jrt://C:/Users/ThinkPad T430/.jdks/azul-18.0.2.1!/java.management" type="simple" />
            <root url="jrt://C:/Users/ThinkPad T430/.jdks/azul-18.0.2.1!/java.management.rmi" type="simple" />
            <root url="jrt://C:/Users/ThinkPad T430/.jdks/azul-18.0.2.1!/java.naming" type="simple" />
            <root url="jrt://C:/Users/ThinkPad T430/.jdks/azul-18.0.2.1!/java.net.http" type="simple" />
            <root url="jrt://C:/Users/ThinkPad T430/.jdks/azul-18.0.2.1!/java.prefs" type="simple" />
            <root url="jrt://C:/Users/ThinkPad T430/.jdks/azul-18.0.2.1!/java.rmi" type="simple" />
            <root url="jrt://C:/Users/ThinkPad T430/.jdks/azul-18.0.2.1!/java.scripting" type="simple" />
            <root url="jrt://C:/Users/ThinkPad T430/.jdks/azul-18.0.2.1!/java.se" type="simple" />
            <root url="jrt://C:/Users/ThinkPad T430/.jdks/azul-18.0.2.1!/java.security.jgss" type="simple" />
            <root url="jrt://C:/Users/ThinkPad T430/.jdks/azul-18.0.2.1!/java.security.sasl" type="simple" />
            <root url="jrt://C:/Users/ThinkPad T430/.jdks/azul-18.0.2.1!/java.smartcardio" type="simple" />
            <root url="jrt://C:/Users/ThinkPad T430/.jdks/azul-18.0.2.1!/java.sql" type="simple" />
            <root url="jrt://C:/Users/ThinkPad T430/.jdks/azul-18.0.2.1!/java.sql.rowset" type="simple" />
            <root url="jrt://C:/Users/ThinkPad T430/.jdks/azul-18.0.2.1!/java.transaction.xa" type="simple" />
            <root url="jrt://C:/Users/ThinkPad T430/.jdks/azul-18.0.2.1!/java.xml" type="simple" />
            <root url="jrt://C:/Users/ThinkPad T430/.jdks/azul-18.0.2.1!/java.xml.crypto" type="simple" />
            <root url="jrt://C:/Users/ThinkPad T430/.jdks/azul-18.0.2.1!/jdk.accessibility" type="simple" />
            <root url="jrt://C:/Users/ThinkPad T430/.jdks/azul-18.0.2.1!/jdk.attach" type="simple" />
            <root url="jrt://C:/Users/ThinkPad T430/.jdks/azul-18.0.2.1!/jdk.charsets" type="simple" />
            <root url="jrt://C:/Users/ThinkPad T430/.jdks/azul-18.0.2.1!/jdk.compiler" type="simple" />
            <root url="jrt://C:/Users/ThinkPad T430/.jdks/azul-18.0.2.1!/jdk.crypto.cryptoki" type="simple" />
            <root url="jrt://C:/Users/ThinkPad T430/.jdks/azul-18.0.2.1!/jdk.crypto.ec" type="simple" />
            <root url="jrt://C:/Users/ThinkPad T430/.jdks/azul-18.0.2.1!/jdk.crypto.mscapi" type="simple" />
            <root url="jrt://C:/Users/ThinkPad T430/.jdks/azul-18.0.2.1!/jdk.dynalink" type="simple" />
            <root url="jrt://C:/Users/ThinkPad T430/.jdks/azul-18.0.2.1!/jdk.editpad" type="simple" />
            <root url="jrt://C:/Users/ThinkPad T430/.jdks/azul-18.0.2.1!/jdk.hotspot.agent" type="simple" />
            <root url="jrt://C:/Users/ThinkPad T430/.jdks/azul-18.0.2.1!/jdk.httpserver" type="simple" />
            <root url="jrt://C:/Users/ThinkPad T430/.jdks/azul-18.0.2.1!/jdk.incubator.foreign" type="simple" />
            <root url="jrt://C:/Users/ThinkPad T430/.jdks/azul-18.0.2.1!/jdk.incubator.vector" type="simple" />
            <root url="jrt://C:/Users/ThinkPad T430/.jdks/azul-18.0.2.1!/jdk.internal.ed" type="simple" />
            <root url="jrt://C:/Users/ThinkPad T430/.jdks/azul-18.0.2.1!/jdk.internal.jvmstat" type="simple" />
            <root url="jrt://C:/Users/ThinkPad T430/.jdks/azul-18.0.2.1!/jdk.internal.le" type="simple" />
            <root url="jrt://C:/Users/ThinkPad T430/.jdks/azul-18.0.2.1!/jdk.internal.opt" type="simple" />
            <root url="jrt://C:/Users/ThinkPad T430/.jdks/azul-18.0.2.1!/jdk.internal.vm.ci" type="simple" />
            <root url="jrt://C:/Users/ThinkPad T430/.jdks/azul-18.0.2.1!/jdk.internal.vm.compiler" type="simple" />
            <root url="jrt://C:/Users/ThinkPad T430/.jdks/azul-18.0.2.1!/jdk.internal.vm.compiler.management" type="simple" />
            <root url="jrt://C:/Users/ThinkPad T430/.jdks/azul-18.0.2.1!/jdk.jartool" type="simple" />
            <root url="jrt://C:/Users/ThinkPad T430/.jdks/azul-18.0.2.1!/jdk.javadoc" type="simple" />
            <root url="jrt://C:/Users/ThinkPad T430/.jdks/azul-18.0.2.1!/jdk.jcmd" type="simple" />
            <root url="jrt://C:/Users/ThinkPad T430/.jdks/azul-18.0.2.1!/jdk.jconsole" type="simple" />
            <root url="jrt://C:/Users/ThinkPad T430/.jdks/azul-18.0.2.1!/jdk.jdeps" type="simple" />
            <root url="jrt://C:/Users/ThinkPad T430/.jdks/azul-18.0.2.1!/jdk.jdi" type="simple" />
            <root url="jrt://C:/Users/ThinkPad T430/.jdks/azul-18.0.2.1!/jdk.jdwp.agent" type="simple" />
            <root url="jrt://C:/Users/ThinkPad T430/.jdks/azul-18.0.2.1!/jdk.jfr" type="simple" />
            <root url="jrt://C:/Users/ThinkPad T430/.jdks/azul-18.0.2.1!/jdk.jlink" type="simple" />
            <root url="jrt://C:/Users/ThinkPad T430/.jdks/azul-18.0.2.1!/jdk.jpackage" type="simple" />
            <root url="jrt://C:/Users/ThinkPad T430/.jdks/azul-18.0.2.1!/jdk.jshell" type="simple" />
            <root url="jrt://C:/Users/ThinkPad T430/.jdks/azul-18.0.2.1!/jdk.jsobject" type="simple" />
            <root url="jrt://C:/Users/ThinkPad T430/.jdks/azul-18.0.2.1!/jdk.jstatd" type="simple" />
            <root url="jrt://C:/Users/ThinkPad T430/.jdks/azul-18.0.2.1!/jdk.localedata" type="simple" />
            <root url="jrt://C:/Users/ThinkPad T430/.jdks/azul-18.0.2.1!/jdk.management" type="simple" />
            <root url="jrt://C:/Users/ThinkPad T430/.jdks/azul-18.0.2.1!/jdk.management.agent" type="simple" />
            <root url="jrt://C:/Users/ThinkPad T430/.jdks/azul-18.0.2.1!/jdk.management.jfr" type="simple" />
            <root url="jrt://C:/Users/ThinkPad T430/.jdks/azul-18.0.2.1!/jdk.naming.dns" type="simple" />
            <root url="jrt://C:/Users/ThinkPad T430/.jdks/azul-18.0.2.1!/jdk.naming.rmi" type="simple" />
            <root url="jrt://C:/Users/ThinkPad T430/.jdks/azul-18.0.2.1!/jdk.net" type="simple" />
            <root url="jrt://C:/Users/ThinkPad T430/.jdks/azul-18.0.2.1!/jdk.nio.mapmode" type="simple" />
            <root url="jrt://C:/Users/ThinkPad T430/.jdks/azul-18.0.2.1!/jdk.random" type="simple" />
            <root url="jrt://C:/Users/ThinkPad T430/.jdks/azul-18.0.2.1!/jdk.sctp" type="simple" />
            <root url="jrt://C:/Users/ThinkPad T430/.jdks/azul-18.0.2.1!/jdk.security.auth" type="simple" />
            <root url="jrt://C:/Users/ThinkPad T430/.jdks/azul-18.0.2.1!/jdk.security.jgss" type="simple" />
            <root url="jrt://C:/Users/ThinkPad T430/.jdks/azul-18.0.2.1!/jdk.unsupported" type="simple" />
            <root url="jrt://C:/Users/ThinkPad T430/.jdks/azul-18.0.2.1!/jdk.unsupported.desktop" type="simple" />
            <root url="jrt://C:/Users/ThinkPad T430/.jdks/azul-18.0.2.1!/jdk.xml.dom" type="simple" />
            <root url="jrt://C:/Users/ThinkPad T430/.jdks/azul-18.0.2.1!/jdk.zipfs" type="simple" />
          </root>
        </classPath>
        <javadocPath>
          <root type="composite" />
        </javadocPath>
        <sourcePath>
          <root type="composite">
            <root url="jar://$USER_HOME$/.jdks/azul-18.0.2.1/lib/src.zip!/java.se" type="simple" />
            <root url="jar://$USER_HOME$/.jdks/azul-18.0.2.1/lib/src.zip!/jdk.jdi" type="simple" />
            <root url="jar://$USER_HOME$/.jdks/azul-18.0.2.1/lib/src.zip!/jdk.jfr" type="simple" />
            <root url="jar://$USER_HOME$/.jdks/azul-18.0.2.1/lib/src.zip!/jdk.net" type="simple" />
            <root url="jar://$USER_HOME$/.jdks/azul-18.0.2.1/lib/src.zip!/java.rmi" type="simple" />
            <root url="jar://$USER_HOME$/.jdks/azul-18.0.2.1/lib/src.zip!/java.sql" type="simple" />
            <root url="jar://$USER_HOME$/.jdks/azul-18.0.2.1/lib/src.zip!/java.xml" type="simple" />
            <root url="jar://$USER_HOME$/.jdks/azul-18.0.2.1/lib/src.zip!/jdk.jcmd" type="simple" />
            <root url="jar://$USER_HOME$/.jdks/azul-18.0.2.1/lib/src.zip!/jdk.sctp" type="simple" />
            <root url="jar://$USER_HOME$/.jdks/azul-18.0.2.1/lib/src.zip!/java.base" type="simple" />
            <root url="jar://$USER_HOME$/.jdks/azul-18.0.2.1/lib/src.zip!/jdk.jdeps" type="simple" />
            <root url="jar://$USER_HOME$/.jdks/azul-18.0.2.1/lib/src.zip!/jdk.jlink" type="simple" />
            <root url="jar://$USER_HOME$/.jdks/azul-18.0.2.1/lib/src.zip!/jdk.zipfs" type="simple" />
            <root url="jar://$USER_HOME$/.jdks/azul-18.0.2.1/lib/src.zip!/java.prefs" type="simple" />
            <root url="jar://$USER_HOME$/.jdks/azul-18.0.2.1/lib/src.zip!/jdk.attach" type="simple" />
            <root url="jar://$USER_HOME$/.jdks/azul-18.0.2.1/lib/src.zip!/jdk.jshell" type="simple" />
            <root url="jar://$USER_HOME$/.jdks/azul-18.0.2.1/lib/src.zip!/jdk.jstatd" type="simple" />
            <root url="jar://$USER_HOME$/.jdks/azul-18.0.2.1/lib/src.zip!/jdk.random" type="simple" />
            <root url="jar://$USER_HOME$/.jdks/azul-18.0.2.1/lib/src.zip!/java.naming" type="simple" />
            <root url="jar://$USER_HOME$/.jdks/azul-18.0.2.1/lib/src.zip!/jdk.editpad" type="simple" />
            <root url="jar://$USER_HOME$/.jdks/azul-18.0.2.1/lib/src.zip!/jdk.jartool" type="simple" />
            <root url="jar://$USER_HOME$/.jdks/azul-18.0.2.1/lib/src.zip!/jdk.javadoc" type="simple" />
            <root url="jar://$USER_HOME$/.jdks/azul-18.0.2.1/lib/src.zip!/jdk.xml.dom" type="simple" />
            <root url="jar://$USER_HOME$/.jdks/azul-18.0.2.1/lib/src.zip!/java.desktop" type="simple" />
            <root url="jar://$USER_HOME$/.jdks/azul-18.0.2.1/lib/src.zip!/java.logging" type="simple" />
            <root url="jar://$USER_HOME$/.jdks/azul-18.0.2.1/lib/src.zip!/jdk.charsets" type="simple" />
            <root url="jar://$USER_HOME$/.jdks/azul-18.0.2.1/lib/src.zip!/jdk.compiler" type="simple" />
            <root url="jar://$USER_HOME$/.jdks/azul-18.0.2.1/lib/src.zip!/jdk.dynalink" type="simple" />
            <root url="jar://$USER_HOME$/.jdks/azul-18.0.2.1/lib/src.zip!/jdk.jconsole" type="simple" />
            <root url="jar://$USER_HOME$/.jdks/azul-18.0.2.1/lib/src.zip!/jdk.jpackage" type="simple" />
            <root url="jar://$USER_HOME$/.jdks/azul-18.0.2.1/lib/src.zip!/jdk.jsobject" type="simple" />
            <root url="jar://$USER_HOME$/.jdks/azul-18.0.2.1/lib/src.zip!/java.compiler" type="simple" />
            <root url="jar://$USER_HOME$/.jdks/azul-18.0.2.1/lib/src.zip!/java.net.http" type="simple" />
            <root url="jar://$USER_HOME$/.jdks/azul-18.0.2.1/lib/src.zip!/jdk.crypto.ec" type="simple" />
            <root url="jar://$USER_HOME$/.jdks/azul-18.0.2.1/lib/src.zip!/java.scripting" type="simple" />
            <root url="jar://$USER_HOME$/.jdks/azul-18.0.2.1/lib/src.zip!/jdk.httpserver" type="simple" />
            <root url="jar://$USER_HOME$/.jdks/azul-18.0.2.1/lib/src.zip!/jdk.jdwp.agent" type="simple" />
            <root url="jar://$USER_HOME$/.jdks/azul-18.0.2.1/lib/src.zip!/jdk.localedata" type="simple" />
            <root url="jar://$USER_HOME$/.jdks/azul-18.0.2.1/lib/src.zip!/jdk.management" type="simple" />
            <root url="jar://$USER_HOME$/.jdks/azul-18.0.2.1/lib/src.zip!/jdk.naming.dns" type="simple" />
            <root url="jar://$USER_HOME$/.jdks/azul-18.0.2.1/lib/src.zip!/jdk.naming.rmi" type="simple" />
            <root url="jar://$USER_HOME$/.jdks/azul-18.0.2.1/lib/src.zip!/java.instrument" type="simple" />
            <root url="jar://$USER_HOME$/.jdks/azul-18.0.2.1/lib/src.zip!/java.management" type="simple" />
            <root url="jar://$USER_HOME$/.jdks/azul-18.0.2.1/lib/src.zip!/java.sql.rowset" type="simple" />
            <root url="jar://$USER_HOME$/.jdks/azul-18.0.2.1/lib/src.zip!/java.xml.crypto" type="simple" />
            <root url="jar://$USER_HOME$/.jdks/azul-18.0.2.1/lib/src.zip!/jdk.internal.ed" type="simple" />
            <root url="jar://$USER_HOME$/.jdks/azul-18.0.2.1/lib/src.zip!/jdk.internal.le" type="simple" />
            <root url="jar://$USER_HOME$/.jdks/azul-18.0.2.1/lib/src.zip!/jdk.nio.mapmode" type="simple" />
            <root url="jar://$USER_HOME$/.jdks/azul-18.0.2.1/lib/src.zip!/jdk.unsupported" type="simple" />
            <root url="jar://$USER_HOME$/.jdks/azul-18.0.2.1/lib/src.zip!/java.smartcardio" type="simple" />
            <root url="jar://$USER_HOME$/.jdks/azul-18.0.2.1/lib/src.zip!/jdk.internal.opt" type="simple" />
            <root url="jar://$USER_HOME$/.jdks/azul-18.0.2.1/lib/src.zip!/java.datatransfer" type="simple" />
            <root url="jar://$USER_HOME$/.jdks/azul-18.0.2.1/lib/src.zip!/jdk.accessibility" type="simple" />
            <root url="jar://$USER_HOME$/.jdks/azul-18.0.2.1/lib/src.zip!/jdk.crypto.mscapi" type="simple" />
            <root url="jar://$USER_HOME$/.jdks/azul-18.0.2.1/lib/src.zip!/jdk.hotspot.agent" type="simple" />
            <root url="jar://$USER_HOME$/.jdks/azul-18.0.2.1/lib/src.zip!/jdk.security.auth" type="simple" />
            <root url="jar://$USER_HOME$/.jdks/azul-18.0.2.1/lib/src.zip!/jdk.security.jgss" type="simple" />
            <root url="jar://$USER_HOME$/.jdks/azul-18.0.2.1/lib/src.zip!/java.security.jgss" type="simple" />
            <root url="jar://$USER_HOME$/.jdks/azul-18.0.2.1/lib/src.zip!/java.security.sasl" type="simple" />
            <root url="jar://$USER_HOME$/.jdks/azul-18.0.2.1/lib/src.zip!/jdk.internal.vm.ci" type="simple" />
            <root url="jar://$USER_HOME$/.jdks/azul-18.0.2.1/lib/src.zip!/jdk.management.jfr" type="simple" />
            <root url="jar://$USER_HOME$/.jdks/azul-18.0.2.1/lib/src.zip!/java.management.rmi" type="simple" />
            <root url="jar://$USER_HOME$/.jdks/azul-18.0.2.1/lib/src.zip!/java.transaction.xa" type="simple" />
            <root url="jar://$USER_HOME$/.jdks/azul-18.0.2.1/lib/src.zip!/jdk.crypto.cryptoki" type="simple" />
            <root url="jar://$USER_HOME$/.jdks/azul-18.0.2.1/lib/src.zip!/jdk.incubator.vector" type="simple" />
            <root url="jar://$USER_HOME$/.jdks/azul-18.0.2.1/lib/src.zip!/jdk.internal.jvmstat" type="simple" />
            <root url="jar://$USER_HOME$/.jdks/azul-18.0.2.1/lib/src.zip!/jdk.management.agent" type="simple" />
            <root url="jar://$USER_HOME$/.jdks/azul-18.0.2.1/lib/src.zip!/jdk.incubator.foreign" type="simple" />
            <root url="jar://$USER_HOME$/.jdks/azul-18.0.2.1/lib/src.zip!/jdk.unsupported.desktop" type="simple" />
            <root url="jar://$USER_HOME$/.jdks/azul-18.0.2.1/lib/src.zip!/jdk.internal.vm.compiler" type="simple" />
            <root url="jar://$USER_HOME$/.jdks/azul-18.0.2.1/lib/src.zip!/jdk.internal.vm.compiler.management" type="simple" />
          </root>
        </sourcePath>
      </roots>
      <additional />
    </jdk>
  </component>
</application>