<application>
  <component name="Translation.Cache">
    <option name="lastTrimTime" value="1707053106050" />
  </component>
  <component name="Translation.Settings">
    <option name="primaryLanguage" value="RUSSIAN" />
  </component>
  <component name="Translation.States">
    <option name="newTranslationDialogHeight" value="325" />
    <option name="newTranslationDialogWidth" value="650" />
    <option name="newTranslationDialogX" value="490" />
    <option name="newTranslationDialogY" value="272" />
    <histories>
      <item value="Костюм Снегурочки" />
      <item value="Спортивный костюм" />
      <item value="Деловой костюм" />
      <item value="Моряк" />
      <item value="Повседневная одежда" />
    </histories>
    <option name="languageScores">
      <map>
        <entry key="ENGLISH" value="4" />
        <entry key="RUSSIAN" value="5" />
      </map>
    </option>
  </component>
</application>